{"cameraMode":{"drawMode":0,"name":"Shaded","section":"Shading Mode"},"sceneLighting":true,"audioPlay":false,"sceneViewState":{"showFog":true,"showMaterialUpdate":true,"showSkybox":true,"showFlares":true,"showImageEffects":true,"showParticleSystems":true},"in2DMode":false,"pivot":{"x":4.174755096435547,"y":5.191328525543213,"z":-3.4633283615112306},"rotation":{"x":-0.1456914246082306,"y":0.509170651435852,"z":-0.08792689442634583,"w":-0.8436753153800964},"size":2.822380781173706,"orthographic":false}